Distance_deg,Density_Type,Predictor,Beta,SE,P_value,CI_Lower_95,CI_Upper_95,R2,Adj_R2,F_pvalue,N
1.5,Linear,Axial length (mm),-1385.8089883467903,576.4140499081724,0.0191136602186157,-2537.3284290137044,-234.28954767987602,0.23637724274782645,0.16478760925543523,0.006802316770054465,71
1.5,Linear,Age,94.61910490522155,113.5051964103929,0.40760105559879667,-132.13359188297446,321.3718016934175,0.23637724274782645,0.16478760925543523,0.006802316770054465,71
1.5,Linear,Spherical equivalent refraction (D),-263.7021305144111,272.8734814100925,0.3374869080336136,-808.8295762042605,281.4253151754383,0.23637724274782645,0.16478760925543523,0.006802316770054465,71
1.5,Linear,Gender,3013.294132852952,1419.1945791379526,0.03760595813690942,178.12703686214672,5848.4612288437565,0.23637724274782645,0.16478760925543523,0.006802316770054465,71
1.5,Linear,Corneal curvature (mm),-2719.060504778754,1919.6548539343385,0.16149811704229905,-6554.01193253828,1115.8909229807728,0.23637724274782645,0.16478760925543523,0.006802316770054465,71
1.5,Linear,Anterior chamber depth (mm),3850.7718898588746,1277.5777959586442,0.0036909750251255444,1298.516841174453,6403.026938543297,0.23637724274782645,0.16478760925543523,0.006802316770054465,71
1.5,Linear,Intercept,78781.9175814049,24821.87873157956,0.0023124705765013823,29194.514363450777,128369.320799359,0.23637724274782645,0.16478760925543523,0.006802316770054465,71
1.5,Angular,Axial length (mm),261.65339684741906,54.26825082275915,9.153085573396009e-06,153.2401028908426,370.0666908039955,0.547668155304907,0.505262044864742,1.6685611788538604e-09,71
1.5,Angular,Age,10.440334400005895,10.68629133774071,0.33225569723074366,-10.907986700077007,31.788655500088797,0.547668155304907,0.505262044864742,1.6685611788538604e-09,71
1.5,Angular,Spherical equivalent refraction (D),-35.185306421848665,25.690502399102705,0.1756032799117157,-86.50798489885597,16.137372055158636,0.547668155304907,0.505262044864742,1.6685611788538604e-09,71
1.5,Angular,Gender,291.282180576567,133.614382576601,0.032940795017257905,24.356766259941935,558.207594893192,0.547668155304907,0.505262044864742,1.6685611788538604e-09,71
1.5,Angular,Corneal curvature (mm),-527.0114342587171,180.73173463247804,0.004883250446834326,-888.0645800102944,-165.95828850713986,0.547668155304907,0.505262044864742,1.6685611788538604e-09,71
1.5,Angular,Anterior chamber depth (mm),235.52701804160114,120.28144055079275,0.05457642864167822,-4.7627826107681415,475.8168186939704,0.547668155304907,0.505262044864742,1.6685611788538604e-09,71
1.5,Angular,Intercept,97.50641078323133,2336.9311367619603,0.9668485171157637,-4571.050221224492,4766.063042790955,0.547668155304907,0.505262044864742,1.6685611788538604e-09,71
2.0,Linear,Axial length (mm),-1326.7716294835955,536.0798623644043,0.015984848633234926,-2397.714267611513,-255.82899135567777,0.2942096056582997,0.22804175618876532,0.0008067260462381744,71
2.0,Linear,Age,27.31664627232103,105.56274622213252,0.7966418876748357,-183.56918224684605,238.20247479148813,0.2942096056582997,0.22804175618876532,0.0008067260462381744,71
2.0,Linear,Spherical equivalent refraction (D),-236.1535260979232,253.77934209015567,0.3555849733497466,-743.1360434446613,270.82899124881493,0.2942096056582997,0.22804175618876532,0.0008067260462381744,71
2.0,Linear,Gender,3127.6811573245977,1319.8873878486902,0.020831062498451135,490.9029822593516,5764.459332389844,0.2942096056582997,0.22804175618876532,0.0008067260462381744,71
2.0,Linear,Corneal curvature (mm),-1916.8707757566685,1785.3282897046363,0.28699783424299447,-5483.474042791909,1649.7324912785716,0.2942096056582997,0.22804175618876532,0.0008067260462381744,71
2.0,Linear,Anterior chamber depth (mm),4403.903651375779,1188.1801443362401,0.0004410063666472563,2030.240942363796,6777.566360387762,0.2942096056582997,0.22804175618876532,0.0008067260462381744,71
2.0,Linear,Intercept,64788.53958504014,23084.984372207688,0.006628178856948324,18670.98173522034,110906.09743485994,0.2942096056582997,0.22804175618876532,0.0008067260462381744,71
2.0,Angular,Axial length (mm),205.01618472944438,50.01687968190283,0.00011920564785032395,105.09598097246702,304.9363884864217,0.501213096821381,0.4544518246483855,3.224374117320643e-08,71
2.0,Angular,Age,3.87671822960748,9.849127988871516,0.6951770568933107,-15.799176822931525,23.552613282146485,0.501213096821381,0.4544518246483855,3.224374117320643e-08,71
2.0,Angular,Spherical equivalent refraction (D),-30.762315475197795,23.67791015892972,0.19853660599081946,-78.06437875196184,16.539747801566257,0.501213096821381,0.4544518246483855,3.224374117320643e-08,71
2.0,Angular,Gender,298.59703795244275,123.14704077955766,0.018153778809291986,52.582542745650244,544.6115331592353,0.501213096821381,0.4544518246483855,3.224374117320643e-08,71
2.0,Angular,Corneal curvature (mm),-417.50050182527156,166.5732226258373,0.014748240335641455,-750.2687682801695,-84.73223537037353,0.501213096821381,0.4544518246483855,3.224374117320643e-08,71
2.0,Angular,Anterior chamber depth (mm),300.4340014828485,110.85860054055584,0.008623804719996311,78.9684877468207,521.8995152188763,0.501213096821381,0.4544518246483855,3.224374117320643e-08,71
2.0,Angular,Intercept,34.194195825660245,2153.8561077648624,0.9873828621499952,-4268.628021789489,4337.01641344081,0.501213096821381,0.4544518246483855,3.224374117320643e-08,71
2.5,Linear,Axial length (mm),-913.7999120738334,511.32137541611075,0.07865111996654024,-1935.2817866291075,107.68196248144068,0.25722704972418275,0.18759208563582486,0.0032545453387452824,71
2.5,Linear,Age,-27.763562560030266,100.68740197204377,0.7836360139571565,-228.90977129578783,173.3826461757273,0.25722704972418275,0.18759208563582486,0.0032545453387452824,71
2.5,Linear,Spherical equivalent refraction (D),17.361585485393846,242.05871430687455,0.9430446815015301,-466.2062861714638,500.92945714225147,0.25722704972418275,0.18759208563582486,0.0032545453387452824,71
2.5,Linear,Gender,2457.7327883864714,1258.9292788812327,0.05528709302309154,-57.26756472335546,4972.733141496298,0.25722704972418275,0.18759208563582486,0.0032545453387452824,71
2.5,Linear,Corneal curvature (mm),-2487.7652289671287,1702.8741065459617,0.1489293354264953,-5889.647329183743,914.116871249485,0.25722704972418275,0.18759208563582486,0.0032545453387452824,71
2.5,Linear,Anterior chamber depth (mm),4403.674645361885,1133.3048455961914,0.0002446981000226488,2139.63794793244,6667.71134279133,0.25722704972418275,0.18759208563582486,0.0032545453387452824,71
2.5,Linear,Intercept,57011.282234458115,22018.81993588654,0.011895262993125006,13023.632695455985,100998.93177346024,0.25722704972418275,0.18759208563582486,0.0032545453387452824,71
2.5,Angular,Axial length (mm),202.25427244113231,48.628551068773845,9.695916806673574e-05,105.10757392454049,299.40097095772416,0.46597325270359247,0.41590824514455427,2.4992765260764965e-07,71
2.5,Angular,Age,-2.290715128232751,9.575743757622341,0.8116989645623158,-21.420462394982433,16.83903213851693,0.46597325270359247,0.41590824514455427,2.4992765260764965e-07,71
2.5,Angular,Spherical equivalent refraction (D),1.5709875395902415,23.020677632994392,0.9458053936673513,-44.41810283033068,47.560077909511165,0.46597325270359247,0.41590824514455427,2.4992765260764965e-07,71
2.5,Angular,Gender,238.66061407887324,119.7288235412224,0.05049021711490387,-0.5252071859970044,477.84643534374345,0.46597325270359247,0.41590824514455427,2.4992765260764965e-07,71
2.5,Angular,Corneal curvature (mm),-443.51926112786407,161.94961610293322,0.007982032407152916,-767.0508117220598,-119.98771053366829,0.46597325270359247,0.41590824514455427,2.4992765260764965e-07,71
2.5,Angular,Anterior chamber depth (mm),314.80628461924266,107.78147601538117,0.004817538015014646,99.48803379718456,530.1245354413007,0.46597325270359247,0.41590824514455427,2.4992765260764965e-07,71
2.5,Angular,Intercept,130.91247187050033,2094.0710895472125,0.9503469369901774,-4052.475441967327,4314.300385708328,0.46597325270359247,0.41590824514455427,2.4992765260764965e-07,71
3.0,Linear,Axial length (mm),-561.6961664837933,550.3937132370913,0.31131700543052604,-1661.234008967559,537.8416759999724,0.3828646647256043,0.32500822704362975,1.776376335965824e-05,71
3.0,Linear,Age,-10.784214593377243,108.38137365661694,0.9210503476055628,-227.30089872288727,205.73246953613278,0.3828646647256043,0.32500822704362975,1.776376335965824e-05,71
3.0,Linear,Spherical equivalent refraction (D),41.28113832956143,260.5554960035401,0.8746128203820134,-479.2383026321657,561.8005792912886,0.3828646647256043,0.32500822704362975,1.776376335965824e-05,71
3.0,Linear,Gender,2883.2849149952804,1355.1296578251815,0.037221487080332114,176.10221211252747,5590.467617878034,0.3828646647256043,0.32500822704362975,1.776376335965824e-05,71
3.0,Linear,Corneal curvature (mm),-3733.0154957418067,1832.9982819795014,0.045835713214905455,-7394.85051996564,-71.18047151797327,0.3828646647256043,0.32500822704362975,1.776376335965824e-05,71
3.0,Linear,Anterior chamber depth (mm),6916.521624882091,1219.9057035111434,3.688080874542978e-07,4479.4798255065925,9353.563424257589,0.3828646647256043,0.32500822704362975,1.776376335965824e-05,71
3.0,Linear,Intercept,46987.77201889984,23701.375784943662,0.051720659957264714,-361.16923480938567,94336.71327260908,0.3828646647256043,0.32500822704362975,1.776376335965824e-05,71
3.0,Angular,Axial length (mm),217.24237654287833,50.01292173788327,5.102935339285688e-05,117.33007968803898,317.1546733977177,0.550802424702276,0.5086901520181144,1.350186394727272e-09,71
3.0,Angular,Age,0.35478389506125696,9.84834860604178,0.9713747850351924,-19.319554161286717,20.02912195140923,0.550802424702276,0.5086901520181144,1.350186394727272e-09,71
3.0,Angular,Spherical equivalent refraction (D),-1.8961132972290997,23.676036474615447,0.9364189530113909,-49.1944334592757,45.4022068648175,0.550802424702276,0.5086901520181144,1.350186394727272e-09,71
3.0,Angular,Gender,259.09227797466264,123.13729588749963,0.03930425624528123,13.097250427712567,505.08730552161273,0.550802424702276,0.5086901520181144,1.350186394727272e-09,71
3.0,Angular,Corneal curvature (mm),-510.69353963287796,166.56004132595416,0.0031749414413608603,-843.4354734141169,-177.951605851639,0.550802424702276,0.5086901520181144,1.350186394727272e-09,71
3.0,Angular,Anterior chamber depth (mm),542.1897813038872,110.84982805938905,7.079171823737249e-06,320.74179261362826,763.6377699941462,0.550802424702276,0.5086901520181144,1.350186394727272e-09,71
3.0,Angular,Intercept,-761.6103380364125,2153.685668466073,0.7247776210138022,-5064.0920640101085,3540.871387937284,0.550802424702276,0.5086901520181144,1.350186394727272e-09,71
3.5,Linear,Axial length (mm),-669.2036638052862,597.5013348271582,0.2668977653535747,-1862.8497988839047,524.4424712733323,0.2691085782360205,0.20058750744564746,0.002104572636354862,71
3.5,Linear,Age,-37.826531939443555,117.65762194004931,0.7488816905213239,-272.87465234558,197.2215884666929,0.2691085782360205,0.20058750744564746,0.002104572636354862,71
3.5,Linear,Spherical equivalent refraction (D),-25.33724628956344,282.8561680747338,0.9289035521614403,-590.4074011591285,539.7329085800015,0.2691085782360205,0.20058750744564746,0.002104572636354862,71
3.5,Linear,Gender,2950.6798020843817,1471.113786260905,0.04911476092740421,11.792166395392087,5889.567437773371,0.2691085782360205,0.20058750744564746,0.002104572636354862,71
3.5,Linear,Corneal curvature (mm),-2717.57468115545,1989.882685572856,0.17681501462941138,-6692.822330737674,1257.6729684267734,0.2691085782360205,0.20058750744564746,0.002104572636354862,71
3.5,Linear,Anterior chamber depth (mm),5396.239025293524,1324.3161552922543,0.00012946929036797614,2750.613370174193,8041.864680412855,0.2691085782360205,0.20058750744564746,0.002104572636354862,71
3.5,Linear,Intercept,45644.14609674721,25729.951720294393,0.08082501743623043,-5757.341459047428,97045.63365254184,0.2691085782360205,0.20058750744564746,0.002104572636354862,71
3.5,Angular,Axial length (mm),192.42963501482802,53.44719610429964,0.0006204678906527982,85.65658641713557,299.20268361252045,0.44339464921432614,0.39121289757816924,8.571103888544425e-07,71
3.5,Angular,Age,-2.2214129890165313,10.524612459341963,0.833504541266343,-23.24674339924543,18.80391742121237,0.44339464921432614,0.39121289757816924,8.571103888544425e-07,71
3.5,Angular,Spherical equivalent refraction (D),-8.299497819435743,25.301816419831507,0.7439673868231482,-58.845686789435455,42.24669115056397,0.44339464921432614,0.39121289757816924,8.571103888544425e-07,71
3.5,Angular,Gender,259.46372602310606,131.59285585323434,0.05296777812607703,-3.4232244112537273,522.3506764574659,0.44339464921432614,0.39121289757816924,8.571103888544425e-07,71
3.5,Angular,Corneal curvature (mm),-411.01394773974255,177.99734313753163,0.024177289084722768,-766.6045185153514,-55.42337696413375,0.44339464921432614,0.39121289757816924,8.571103888544425e-07,71
3.5,Angular,Anterior chamber depth (mm),411.1974032000288,118.46163536433332,0.0009335817944209783,174.54308133373067,647.8517250663269,0.44339464921432614,0.39121289757816924,8.571103888544425e-07,71
3.5,Angular,Intercept,-592.6037107287316,2301.574398568573,0.7976362154738691,-5190.527138367579,4005.3197169101154,0.44339464921432614,0.39121289757816924,8.571103888544425e-07,71
4.0,Linear,Axial length (mm),-396.34353766164037,628.7803688492804,0.5307184322578159,-1652.4767265646644,859.7896512413838,0.2985110878284596,0.2327465023123777,0.0006809297198189155,71
4.0,Linear,Age,-50.95886975929344,123.81696677346198,0.6820325334673576,-298.3116959903069,196.39395647172,0.2985110878284596,0.2327465023123777,0.0006809297198189155,71
4.0,Linear,Spherical equivalent refraction (D),-73.57887896743648,297.6636123244375,0.8055539636802249,-668.2303043192907,521.0725463844177,0.2985110878284596,0.2327465023123777,0.0006809297198189155,71
4.0,Linear,Gender,3102.289949506375,1548.1261969263614,0.04931737564983391,9.552337280510528,6195.027561732239,0.2985110878284596,0.2327465023123777,0.0006809297198189155,71
4.0,Linear,Corneal curvature (mm),-3342.115132653805,2094.052508457137,0.11541456606684146,-7525.465926496978,841.2356611893679,0.2985110878284596,0.2327465023123777,0.0006809297198189155,71
4.0,Linear,Anterior chamber depth (mm),6137.701909470585,1393.643749496567,4.1253150107975006e-05,3353.5784635467953,8921.825355394374,0.2985110878284596,0.2327465023123777,0.0006809297198189155,71
4.0,Linear,Intercept,40861.77804760072,27076.907765973294,0.13619437344891008,-13230.563543709155,94954.11963891059,0.2985110878284596,0.2327465023123777,0.0006809297198189155,71
4.0,Angular,Axial length (mm),204.53868042384647,58.17945451942756,0.0008118017359427741,88.31185885835853,320.76550198933444,0.462045453580773,0.4116122148539705,3.1101565512191144e-07,71
4.0,Angular,Age,-5.784968784310015,11.456470246221729,0.6153268755148584,-28.671899128995477,17.10196156037545,0.462045453580773,0.4116122148539705,3.1101565512191144e-07,71
4.0,Angular,Spherical equivalent refraction (D),-11.575536688997808,27.542059919922945,0.6756844611249833,-66.59712653202266,43.446053154027034,0.462045453580773,0.4116122148539705,3.1101565512191144e-07,71
4.0,Angular,Gender,285.19177576822153,143.24419483586215,0.05075957543292471,-0.9714000642415499,571.3549516006847,0.462045453580773,0.4116122148539705,3.1101565512191144e-07,71
4.0,Angular,Corneal curvature (mm),-473.7861648014108,193.75737334172118,0.017237068440978786,-860.8610152688716,-86.71131433395004,0.462045453580773,0.4116122148539705,3.1101565512191144e-07,71
4.0,Angular,Anterior chamber depth (mm),478.42531761104124,128.9503253552678,0.0004357079767934833,220.8174287149081,736.0332065071743,0.462045453580773,0.4116122148539705,3.1101565512191144e-07,71
4.0,Angular,Intercept,-590.6328000852376,2505.3576764493178,0.8143810835788099,-5595.660125000511,4414.394524830036,0.462045453580773,0.4116122148539705,3.1101565512191144e-07,71
4.5,Linear,Axial length (mm),-338.0708710580275,643.5892609625994,0.6011969288495618,-1623.7882228834203,947.6464807673653,0.2143033315847157,0.14064426892078286,0.014280761660251082,71
4.5,Linear,Age,4.341019702754188,126.7330757895596,0.9727818123075654,-248.83740398494066,257.51944339044906,0.2143033315847157,0.14064426892078286,0.014280761660251082,71
4.5,Linear,Spherical equivalent refraction (D),-107.63990928479171,304.67411796258335,0.7250282122802427,-716.2964296417313,501.0166110721478,0.2143033315847157,0.14064426892078286,0.014280761660251082,71
4.5,Linear,Gender,3272.1936067788265,1584.5873127052168,0.04297778795563814,106.61654233203217,6437.77067122562,0.2143033315847157,0.14064426892078286,0.014280761660251082,71
4.5,Linear,Corneal curvature (mm),-4131.426404168693,2143.371156452011,0.05835323579819534,-8413.302523622082,150.44971528469523,0.2143033315847157,0.14064426892078286,0.014280761660251082,71
4.5,Linear,Anterior chamber depth (mm),4633.3373610571325,1426.4665298395116,0.0018519343388323864,1783.6428735050863,7483.031848609178,0.2143033315847157,0.14064426892078286,0.014280761660251082,71
4.5,Linear,Intercept,49352.55310328202,27714.6169339653,0.07970067359927362,-6013.759003755746,104718.86521031978,0.2143033315847157,0.14064426892078286,0.014280761660251082,71
4.5,Angular,Axial length (mm),209.20081820303636,61.66071028264875,0.0011911710591505505,86.01938876509708,332.38224764097566,0.4182048842534605,0.3636615921522224,3.168967204480393e-06,71
4.5,Angular,Age,-1.3378410908236913,12.141985492115163,0.9126089821063794,-25.594245570717355,22.918563389069973,0.4182048842534605,0.3636615921522224,3.168967204480393e-06,71
4.5,Angular,Spherical equivalent refraction (D),-12.421117083386392,29.190080782600454,0.6718813200894961,-70.73500707471632,45.89277290794353,0.4182048842534605,0.3636615921522224,3.168967204480393e-06,71
4.5,Angular,Gender,300.8189505272338,151.8154281507741,0.05183684416996648,-2.4672322725045888,604.1051333269722,0.4182048842534605,0.3636615921522224,3.168967204480393e-06,71
4.5,Angular,Corneal curvature (mm),-544.9098817409633,205.3511391854214,0.010034760827046954,-955.1459420395996,-134.67382144232704,0.4182048842534605,0.3636615921522224,3.168967204480393e-06,71
4.5,Angular,Anterior chamber depth (mm),340.2037630157096,136.6662633443799,0.015409527623418292,67.18151598785084,613.2260100435684,0.4182048842534605,0.3636615921522224,3.168967204480393e-06,71
4.5,Angular,Intercept,224.03023487640715,2655.269546921688,0.9330240869690423,-5080.480479215753,5528.540948968567,0.4182048842534605,0.3636615921522224,3.168967204480393e-06,71
5.0,Linear,Axial length (mm),-236.7201663175181,639.3780412411251,0.7124298266707777,-1514.0246396244743,1040.5843069894381,0.2369109152023935,0.1653713135026179,0.006678116305702806,71
5.0,Linear,Age,-74.52481340682365,125.9038189008883,0.5559904045617362,-326.0466060169726,176.99697920332528,0.2369109152023935,0.1653713135026179,0.006678116305702806,71
5.0,Linear,Spherical equivalent refraction (D),-401.6504677500355,302.6805333395773,0.18923085957340116,-1006.3243449872041,203.02340948713316,0.2369109152023935,0.1653713135026179,0.006678116305702806,71
5.0,Linear,Gender,1548.7512872169962,1574.2188281042118,0.328907722338184,-1596.1123480720337,4693.614922506026,0.2369109152023935,0.1653713135026179,0.006678116305702806,71
5.0,Linear,Corneal curvature (mm),-3727.3420358005196,2129.346362329452,0.08483072747178168,-7981.200408139572,526.5163365385324,0.2369109152023935,0.1653713135026179,0.006678116305702806,71
5.0,Linear,Anterior chamber depth (mm),4448.420242285093,1417.1326823891995,0.0025639927479045315,1617.372258573413,7279.468225996773,0.2369109152023935,0.1653713135026179,0.006678116305702806,71
5.0,Linear,Intercept,46342.570784700336,27533.27092885817,0.09721896327627073,-8661.461030242863,101346.60259964353,0.2369109152023935,0.1653713135026179,0.006678116305702806,71
5.0,Angular,Axial length (mm),218.58022221850422,60.00892904257546,0.0005421917089344684,98.698605146305,338.46183929070344,0.4840676213894254,0.43569896089468396,8.90746138000084e-08,71
5.0,Angular,Age,-8.776177554282445,11.816723201733117,0.46038598598220803,-32.3827959112486,14.830440802683711,0.4840676213894254,0.43569896089468396,8.90746138000084e-08,71
5.0,Angular,Spherical equivalent refraction (D),-45.333877472208414,28.408130208046476,0.1154586223565649,-102.08564161254111,11.417886668124275,0.4840676213894254,0.43569896089468396,8.90746138000084e-08,71
5.0,Angular,Gender,145.8972027888837,147.74856166442234,0.32713114041275326,-149.26448023091905,441.05888580868645,0.4840676213894254,0.43569896089468396,8.90746138000084e-08,71
5.0,Angular,Corneal curvature (mm),-496.77146513661,199.85014580115268,0.015551400687621127,-896.0180278232872,-97.52490244993282,0.4840676213894254,0.43569896089468396,8.90746138000084e-08,71
5.0,Angular,Anterior chamber depth (mm),321.36601041728613,133.00521615714547,0.018547170823142826,55.657545921221924,587.0744749133503,0.4840676213894254,0.43569896089468396,8.90746138000084e-08,71
5.0,Angular,Intercept,-142.6992367694711,2584.139577694309,0.9561342832792026,-5305.111502025391,5019.713028486449,0.4840676213894254,0.43569896089468396,8.90746138000084e-08,71
5.5,Linear,Axial length (mm),405.5174599778853,707.9244707376546,0.5687697015925388,-1008.7242482318849,1819.7591681876556,0.18771997092309078,0.11156871819713055,0.03304055144186671,71
5.5,Linear,Age,-58.086616933823585,139.40171324346065,0.6783030050149225,-336.5735533429763,220.40031947532916,0.18771997092309078,0.11156871819713055,0.03304055144186671,71
5.5,Linear,Spherical equivalent refraction (D),-466.0868311944501,335.1303024906402,0.16911423341400914,-1135.5865745404606,203.4129121515603,0.18771997092309078,0.11156871819713055,0.03304055144186671,71
5.5,Linear,Gender,1332.946321608882,1742.9876517930763,0.4472323474225154,-2149.071797487707,4814.964440705471,0.18771997092309078,0.11156871819713055,0.03304055144186671,71
5.5,Linear,Corneal curvature (mm),-2628.213423932021,2357.629288680473,0.2691178864628792,-7338.11936781693,2081.692519952888,0.18771997092309078,0.11156871819713055,0.03304055144186671,71
5.5,Linear,Anterior chamber depth (mm),3457.462441420431,1569.0606174056377,0.031163223236282633,322.90351660716124,6592.021366233701,0.18771997092309078,0.11156871819713055,0.03304055144186671,71
5.5,Linear,Intercept,23665.806017753144,30485.05734127591,0.44042651301155167,-37235.09704648902,84566.7090819953,0.18771997092309078,0.11156871819713055,0.03304055144186671,71
5.5,Angular,Axial length (mm),282.25740598188924,66.17481358287351,6.7132273043108e-05,150.0580185184376,414.45679344534085,0.464794072073173,0.414618516330033,2.6693724956314346e-07,71
5.5,Angular,Age,-6.9137749077642585,13.030885028464839,0.5975542272401031,-32.94596035113292,19.118410535604397,0.464794072073173,0.414618516330033,2.6693724956314346e-07,71
5.5,Angular,Spherical equivalent refraction (D),-49.11665345721852,31.32705000320385,0.12184356351121295,-111.69963023091202,13.466323316474984,0.464794072073173,0.414618516330033,2.6693724956314346e-07,71
5.5,Angular,Gender,121.88176480199323,162.92964532568212,0.4571618258104906,-203.60761923258596,447.3711488365724,0.464794072073173,0.414618516330033,2.6693724956314346e-07,71
5.5,Angular,Corneal curvature (mm),-386.3072147294552,220.38463865133136,0.0844118876585194,-826.576142719309,53.9617132603986,0.464794072073173,0.414618516330033,2.6693724956314346e-07,71
5.5,Angular,Anterior chamber depth (mm),236.00422965092275,146.67142915522282,0.11252375811873357,-57.00563381362247,529.014093115468,0.464794072073173,0.414618516330033,2.6693724956314346e-07,71
5.5,Angular,Intercept,-2431.593902881815,2849.658501732649,0.39667914597796194,-8124.441196471653,3261.253390708023,0.464794072073173,0.414618516330033,2.6693724956314346e-07,71
6.0,Linear,Axial length (mm),243.14133574204504,731.7937182573704,0.7407832880379273,-1218.7846760641105,1705.0673475482004,0.19212553676592237,0.1163873058377276,0.028873565170794445,71
6.0,Linear,Age,-31.080688139904638,144.10195194917097,0.8299188956636178,-318.9574307938267,256.79605451401744,0.19212553676592237,0.1163873058377276,0.028873565170794445,71
6.0,Linear,Spherical equivalent refraction (D),-252.79871758076033,346.42996576286936,0.46822060238706786,-944.8721333295074,439.2746981679867,0.19212553676592237,0.1163873058377276,0.028873565170794445,71
6.0,Linear,Gender,2382.360011573046,1801.7563558062416,0.19079335397200142,-1217.0620902764626,5981.782113422554,0.19212553676592237,0.1163873058377276,0.028873565170794445,71
6.0,Linear,Corneal curvature (mm),-3567.57123192391,2437.122002066421,0.14813065131597303,-8436.282126642105,1301.139662794284,0.19212553676592237,0.1163873058377276,0.028873565170794445,71
6.0,Linear,Anterior chamber depth (mm),4542.404356227409,1621.9649847476355,0.006738085575783236,1302.1568079321137,7782.651904522705,0.19212553676592237,0.1163873058377276,0.028873565170794445,71
6.0,Linear,Intercept,31438.03236126613,31512.928829562556,0.3222191009965415,-31516.280055953925,94392.34477848618,0.19212553676592237,0.1163873058377276,0.028873565170794445,71
6.0,Angular,Axial length (mm),269.4019079151451,67.6893051368842,0.00017847492052551828,134.17697576303263,404.6268400672576,0.44203553573948917,0.38972636721506626,9.213934537017035e-07,71
6.0,Angular,Age,-5.762127813597882,13.32911277174634,0.6669791059777277,-32.39009166346024,20.865836036264476,0.44203553573948917,0.38972636721506626,9.213934537017035e-07,71
6.0,Angular,Spherical equivalent refraction (D),-27.571776523912593,32.04400786183851,0.3927613859077441,-91.58704127269665,36.44348822487147,0.44203553573948917,0.38972636721506626,9.213934537017035e-07,71
6.0,Angular,Gender,206.635985427596,166.65848955483412,0.21954791323497277,-126.30262129989151,539.5745921550836,0.44203553573948917,0.38972636721506626,9.213934537017035e-07,71
6.0,Angular,Corneal curvature (mm),-477.83153371384924,225.42841068180567,0.03791873871626049,-928.1765546585998,-27.486512769098738,0.44203553573948917,0.38972636721506626,9.213934537017035e-07,71
6.0,Angular,Anterior chamber depth (mm),338.82941163618375,150.02818422023077,0.027334700912655125,39.11365903599102,638.5451642363764,0.44203553573948917,0.38972636721506626,9.213934537017035e-07,71
6.0,Angular,Intercept,-1696.096767514205,2914.876422252879,0.5626942814627451,-7519.231834920241,4127.03829989183,0.44203553573948917,0.38972636721506626,9.213934537017035e-07,71
